seconds_after_operational,left_raw_i16,right_raw_i16,status_hex
0.000415,0,0,14211421
0.050415,0,0,14211421
0.100365,0,0,14211421
0.150312,0,0,14211421
0.200260,0,0,14211421
0.250209,0,0,14211421
0.300157,0,0,14211421
0.350093,0,0,14211421
0.400056,0,0,14211421
0.450001,0,0,14211421
0.499949,0,0,14211421
0.549899,0,0,14211421
0.599848,0,0,14211421
0.649796,0,0,14211421
0.699742,0,0,14211421
0.749690,0,0,14211421
0.799638,0,0,14211421
0.849586,0,0,14211421
0.899534,0,0,14211421
0.949483,0,0,14211421
0.999432,0,0,14211421
1.049380,0,0,14211421
1.099327,0,0,14211421
1.149276,0,0,14211421
1.199222,0,0,14211421
1.249172,0,0,14211421
1.299120,0,0,14211421
1.349069,0,0,14211421
1.399016,0,0,14211421
1.448963,0,0,14211421
1.498914,0,0,14211421
1.548861,0,0,14211421
1.598810,0,0,14211421
1.648756,0,0,14211421
1.698703,0,0,14211421
1.748651,0,0,14211421
1.798599,0,0,14211421
1.848549,0,0,14211421
1.898498,0,0,14211421
1.948444,0,0,14211421
1.998393,0,0,14211421
2.048340,0,0,14211421
2.098289,0,0,14211421
2.148238,0,0,14211421
2.198186,0,0,14211421
2.248134,0,0,14211421
2.298082,0,0,14211421
2.348029,0,0,14211421
2.397977,0,0,14211421
2.447924,0,0,14211421
2.497875,0,0,14211421
2.547823,0,0,14211421
2.597774,0,0,14211421
2.647720,0,0,14211421
2.697665,0,0,14211421
2.747614,0,0,14211421
2.797561,0,0,14211421
2.847511,0,0,14211421
2.897459,0,0,14211421
2.947407,0,0,14211421
2.997356,0,0,14211421
3.047304,0,0,14211421
3.097252,0,0,14211421
3.147199,0,0,14211421
3.197148,0,0,14211421
3.247159,0,0,14211421
3.297105,0,0,14211421
3.347060,0,0,14211421
3.397005,0,0,14211421
3.446952,0,0,14211421
3.496898,0,0,14211421
3.546846,0,0,14211421
3.596760,0,0,14211421
3.646741,0,0,14211421
3.696691,0,0,14211421
3.746640,0,0,14211421
3.796588,0,0,14211421
3.846539,0,0,14211421
3.896482,0,0,14211421
3.946429,0,0,14211421
3.996380,0,0,14211421
4.046328,0,0,14211421
4.096275,0,0,14211421
4.146224,0,0,14211421
4.196174,0,0,14211421
4.246119,0,0,14211421
4.296067,0,0,14211421
4.346017,0,0,14211421
4.395967,0,0,14211421
4.445912,0,0,14211421
4.495860,0,0,14211421
4.545809,0,0,14211421
4.595757,0,0,14211421
4.645704,0,0,14211421
4.695653,0,0,14211421
4.745602,0,0,14211421
4.795550,0,0,14211421
4.845497,0,0,14211421
4.895445,0,0,14211421
4.945392,0,0,14211421
4.995340,0,0,14211421
5.045290,0,0,14211421
5.095239,0,0,14211421
5.145187,0,0,14211421
5.195133,0,0,14211421
5.245082,0,0,14211421
5.295030,0,0,14211421
5.344977,0,2,14211421
5.394925,0,0,14211421
5.444876,0,8,14211421
5.494820,0,45,14211421
5.544831,0,92,14211421
5.594778,0,143,14211421
5.644727,0,190,14211421
5.694674,0,196,14211421
5.744624,0,253,14211421
5.794569,0,333,14211421
5.844519,0,366,14211421
5.894465,0,414,14211421
5.944412,0,445,14211421
5.994358,0,453,14211421
6.044313,0,350,14211421
6.094259,0,220,14211421
6.144208,0,104,14211421
6.194157,0,38,14211421
6.244100,0,-11,14211421
6.294055,0,2,14211421
6.344002,0,2,14211421
6.393947,0,56,14211421
6.443897,0,218,14211421
6.493842,0,410,14211421
6.543791,0,548,14211421
6.593745,0,688,14211421
6.643690,0,671,14211421
6.693634,0,584,14211421
6.743583,0,492,14211421
6.793532,0,404,14211421
6.843480,0,314,14211421
6.893432,0,230,14211421
6.943381,0,169,14211421
6.993326,0,328,14211421
7.043271,0,601,14211421
7.093223,0,814,14211421
7.143171,0,863,14211421
7.193116,0,776,14211421
7.243064,0,676,14211421
7.293012,0,579,14211421
7.342958,0,482,14211421
7.392910,0,387,14211421
7.442857,0,295,14211421
7.492809,0,228,14211421
7.542820,0,278,14211421
7.592763,0,434,14211421
7.642716,0,632,14211421
7.692662,0,799,14211421
7.742609,0,760,14211421
7.792556,0,670,14211421
7.842504,0,580,14211421
7.892451,0,491,14211421
7.942402,0,402,14211421
7.992349,0,314,14211421
8.042298,0,232,14211421
8.092248,0,261,14211421
8.142192,0,455,14211421
8.192141,0,736,14211421
8.242087,0,920,14211421
8.292035,2,872,14211421
8.341984,0,773,14211421
8.391930,0,674,14211421
8.441882,0,574,14211421
8.491828,0,478,14211421
8.541776,0,384,14211421
8.591732,0,294,14211421
8.641736,0,311,14211421
8.691693,0,504,14211421
8.741698,0,742,14211421
8.791652,0,799,14211421
8.841651,0,723,14211421
8.891614,0,632,14211421
8.941612,0,542,14211421
8.991566,0,453,14211421
9.041572,0,364,14211421
9.091527,0,277,14211421
9.141531,0,248,14211421
9.191483,0,399,14211421
9.241486,0,663,14211421
9.291733,0,859,14211421
9.341511,0,841,14211421
9.391456,0,746,14211421
9.441465,0,647,14211421
9.491479,0,549,14211421
9.541489,0,449,14211421
9.591500,0,352,14211421
9.641509,0,270,14211421
9.691521,0,256,14211421
9.741527,0,434,14211421
9.791539,0,684,14211421
9.841552,0,831,14211421
9.891563,0,825,14211421
9.941573,0,735,14211421
9.991582,0,645,14211421
10.041595,0,554,14211421
10.091602,0,464,14211421
10.141621,0,376,14211421
10.191632,0,285,14211421
10.241637,0,227,14211421
10.291590,0,318,14211421
10.341594,0,511,14211421
10.391548,0,673,14211421
10.441552,0,687,14211421
10.491509,0,597,14211421
10.541510,0,503,14211421
10.591467,0,407,14211421
10.641470,0,313,14211421
10.691428,0,218,14211421
10.741426,0,139,14211421
10.791377,0,159,14211421
10.841326,0,380,14211421
10.891273,0,593,14211421
10.941221,0,732,14211421
10.991169,0,764,14211421
11.041178,0,687,14211421
11.091190,0,592,14211421
11.141200,0,502,14211421
11.191207,0,413,14211421
11.241224,0,325,14211421
11.291235,0,234,14211421
11.341240,0,273,14211421
11.391254,0,427,14211421
11.441264,0,626,14211421
11.491272,0,736,14211421
11.541281,0,685,14211421
11.591288,-4,591,14211421
11.641304,0,500,14211421
11.691315,0,408,14211421
11.741327,0,315,14211421
11.791336,0,225,14211421
11.841346,0,259,14211421
11.891355,0,420,14211421
11.941368,0,595,14211421
11.991374,0,653,14211421
12.041390,0,599,14211421
12.091396,0,507,14211421
12.141407,0,412,14211421
12.191421,0,318,14211421
12.241429,0,220,14211421
12.291440,0,140,14211421
12.341455,0,95,14211421
12.391466,0,167,14211421
12.441473,0,362,14211421
12.491481,0,486,14211421
12.541496,0,586,14211421
12.591502,0,654,14211421
12.641516,0,578,14211421
12.691524,0,489,14211421
12.741531,0,399,14211421
12.791547,0,315,14211421
12.841555,0,225,14211421
12.891568,0,147,14211421
12.941577,0,113,14211421
12.991585,0,225,14211421
13.041593,0,399,14211421
13.091608,0,561,14211421
13.141619,0,698,14211421
13.191629,0,753,14211421
13.241641,0,688,14211421
13.291652,0,591,14211421
13.341658,0,494,14211421
13.391668,0,396,14211421
13.441679,0,305,14211421
13.491692,0,210,14211421
13.541705,0,159,14211421
13.591712,0,204,14211421
13.641723,0,398,14211421
13.691733,0,545,14211421
13.741745,0,603,14211421
13.791756,0,522,14211421
13.841761,0,428,14211421
13.891783,0,336,14211421
13.941791,0,243,14211421
13.991798,0,167,14211421
14.041810,0,117,14211421
14.091820,0,190,14211421
14.141829,0,419,14211421
14.191841,0,615,14211421
14.241848,0,717,14211421
14.291857,0,675,14211421
14.341869,0,585,14211421
14.391881,0,495,14211421
14.441890,0,405,14211421
14.491902,0,319,14211421
14.541910,0,229,14211421
14.591922,0,162,14211421
14.641932,0,168,14211421
14.691943,0,332,14211421
14.741957,0,515,14211421
14.791961,0,668,14211421
14.841974,0,762,14211421
14.891982,0,706,14211421
14.941997,0,607,14211421
14.992008,0,508,14211421
15.042012,0,413,14211421
15.092032,0,317,14211421
15.142038,0,231,14211421
15.192047,0,189,14211421
15.242059,0,296,14211421
15.292067,0,518,14211421
15.342075,0,726,14211421
15.392089,0,812,14211421
15.442097,0,741,14211421
15.492109,0,649,14211421
15.542123,0,559,14211421
15.592128,0,468,14211421
15.642144,0,378,14211421
15.692151,0,283,14211421
15.742161,0,203,14211421
15.792174,0,313,14211421
15.842186,0,636,14211421
15.892195,0,784,14211421
15.942201,0,746,14211421
15.992213,0,654,14211421
16.042228,0,555,14211421
16.092232,0,461,14211421
16.142248,0,365,14211421
16.192257,0,272,14211421
16.242268,0,209,14211421
16.292279,0,346,14211421
16.342287,0,631,14211421
16.392298,0,859,14211421
16.442306,4,873,14211421
16.492319,0,783,14211421
16.542333,0,688,14211421
16.592340,0,600,14211421
16.642351,0,508,14211421
16.692362,0,419,14211421
16.742371,0,332,14211421
16.792382,0,247,14211421
16.842393,0,179,14211421
16.892402,0,148,14211421
16.942415,0,82,14211421
16.992424,0,-45,14211421
17.042433,0,-109,14211421
17.092447,0,-203,14211421
17.142454,0,-325,14211421
17.192466,0,-451,14211421
17.242475,0,-598,14211421
17.292487,0,-735,14211421
17.342496,0,-842,14211421
17.392506,0,-887,14211421
17.442519,0,-808,14211421
17.492529,0,-713,14211421
17.542541,0,-620,14211421
17.592551,0,-528,14211421
17.642561,0,-437,14211421
17.692574,0,-324,14211421
17.742581,0,-246,14211421
17.792537,0,-412,14211421
17.842537,0,-793,14211421
17.892495,0,-1006,14211421
17.942496,0,-1026,14211421
17.992450,0,-932,14211421
18.042451,3,-829,14211421
18.092414,0,-731,14211421
18.142411,0,-631,14211421
18.192372,0,-535,14211421
18.242377,0,-439,14211421
18.292323,0,-324,14211421
18.342334,0,-254,14211421
18.392337,0,-542,14211421
18.442290,0,-953,14211421
18.492242,0,-1006,14211421
18.542251,0,-918,14211421
18.592256,0,-828,14211421
18.642271,0,-733,14211421
18.692284,0,-642,14211421
18.742291,0,-551,14211421
18.792300,0,-461,14211421
18.842309,0,-359,14211421
18.892323,0,-248,14211421
18.942331,0,-402,14211421
18.992343,0,-875,14211421
19.042353,0,-996,14211421
19.092366,0,-912,14211421
19.142372,0,-813,14211421
19.192389,0,-711,14211421
19.242403,0,-616,14211421
19.292405,0,-521,14211421
19.342363,0,-427,14211421
19.392367,0,-337,14211421
19.442324,0,-236,14211421
19.492321,0,-234,14211421
19.542278,0,-515,14211421
19.592280,0,-784,14211421
19.642235,0,-873,14211421
19.692242,0,-800,14211421
19.742200,0,-706,14211421
19.792198,0,-616,14211421
19.842146,0,-520,14211421
19.892097,0,-427,14211421
19.942042,0,-334,14211421
19.992053,0,-239,14211421
20.042065,0,-175,14211421
20.092072,0,-365,14211421
20.142087,0,-672,14211421
20.192095,0,-843,14211421
20.242106,0,-817,14211421
20.292118,0,-721,14211421
20.342128,0,-623,14211421
20.392140,0,-529,14211421
20.442146,0,-436,14211421
20.492160,0,-347,14211421
20.542168,0,-242,14211421
20.592179,0,-168,14211421
20.642189,0,-354,14211421
20.692203,0,-699,14211421
20.742208,0,-896,14211421
20.792165,0,-945,14211421
20.842108,0,-862,14211421
20.892120,0,-766,14211421
20.942126,0,-670,14211421
20.992139,0,-575,14211421
21.042150,0,-479,14211421
21.092158,0,-380,14211421
21.142170,0,-278,14211421
21.192180,0,-397,14211421
21.242189,0,-766,14211421
21.292143,0,-939,14211421
21.342088,0,-896,14211421
21.392097,0,-802,14211421
21.442108,0,-703,14211421
21.492117,0,-612,14211421
21.542129,0,-518,14211421
21.592139,0,-428,14211421
21.642149,0,-321,14211421
21.692157,0,-274,14211421
21.742167,0,-571,14211421
21.792181,0,-910,14211421
21.842194,3,-1009,14211421
21.892200,0,-925,14211421
21.942209,0,-828,14211421
21.992224,0,-727,14211421
22.042231,0,-630,14211421
22.092240,0,-532,14211421
22.142255,0,-425,14211421
22.192263,0,-303,14211421
22.242276,0,-420,14211421
22.292284,0,-821,14211421
22.342293,0,-1036,14211421
22.392308,0,-990,14211421
22.442317,0,-895,14211421
22.492325,0,-799,14211421
22.542337,0,-710,14211421
22.592346,0,-617,14211421
22.642360,0,-528,14211421
22.692369,0,-435,14211421
22.742379,0,-305,14211421
22.792393,0,-393,14211421
22.842399,0,-679,14211421
22.892409,0,-829,14211421
22.942420,0,-751,14211421
22.992429,0,-654,14211421
23.042440,0,-555,14211421
23.092452,0,-461,14211421
23.142460,0,-364,14211421
23.192477,0,-256,14211421
23.242484,0,-136,14211421
23.292497,0,-179,14211421
23.342505,0,-512,14211421
23.392515,0,-779,14211421
23.442522,0,-822,14211421
23.492535,0,-738,14211421
23.542548,0,-644,14211421
23.592556,0,-554,14211421
23.642565,0,-463,14211421
23.692580,0,-375,14211421
23.742591,0,-256,14211421
23.792600,0,-214,14211421
23.842606,0,-523,14211421
23.892616,0,-795,14211421
23.942629,0,-861,14211421
23.992639,0,-779,14211421
24.042652,0,-680,14211421
24.092661,0,-583,14211421
24.142673,0,-485,14211421
24.192684,0,-389,14211421
24.242691,0,-288,14211421
24.292705,0,-194,14211421
24.342713,0,-352,14211421
24.392723,0,-653,14211421
24.442731,0,-805,14211421
24.492748,0,-788,14211421
24.542763,0,-697,14211421
24.592763,0,-601,14211421
24.642725,0,-511,14211421
24.692723,0,-422,14211421
24.742681,0,-313,14211421
24.792685,0,-187,14211421
24.842637,0,-378,14211421
24.892639,0,-798,14211421
24.942652,0,-925,14211421
24.992599,0,-847,14211421
25.042547,0,-754,14211421
25.092497,0,-655,14211421
25.142444,0,-560,14211421
25.192395,0,-462,14211421
25.242337,0,-366,14211421
25.292292,0,-236,14211421
25.342239,0,-205,14211421
25.392185,0,-527,14211421
25.442130,0,-874,14211421
25.492083,0,-993,14211421
25.542029,0,-914,14211421
25.591975,0,-818,14211421
25.641923,0,-722,14211421
25.691873,0,-632,14211421
25.741822,0,-539,14211421
25.791771,0,-453,14211421
25.841715,0,-343,14211421
25.891667,0,-239,14211421
25.941614,0,-407,14211421
25.991557,0,-852,14211421
26.041508,0,-1007,14211421
26.091460,0,-933,14211421
26.141405,0,-836,14211421
26.191418,0,-736,14211421
26.241373,0,-637,14211421
26.291373,0,-540,14211421
26.341330,0,-444,14211421
26.391332,0,-329,14211421
26.441287,0,-301,14211421
26.491292,0,-635,14211421
26.541245,-2,-890,14211421
26.591247,1,-844,14211421
26.641207,0,-753,14211421
26.691209,0,-663,14211421
26.741165,0,-571,14211421
26.791168,0,-484,14211421
26.841119,0,-396,14211421
26.891124,0,-292,14211421
26.941132,0,-175,14211421
26.991084,0,-305,14211421
27.041037,0,-711,14211421
27.091044,0,-902,14211421
27.141000,0,-858,14211421
27.191002,0,-764,14211421
27.240955,0,-664,14211421
27.290960,0,-568,14211421
27.340970,0,-470,14211421
27.390917,0,-376,14211421
27.440869,0,-264,14211421
27.490878,0,-125,14211421
27.540886,0,-397,14211421
27.590834,0,-883,14211421
27.640784,-4,-964,14211421
27.690791,1,-884,14211421
27.740749,0,-793,14211421
27.790758,0,-700,14211421
27.840703,0,-611,14211421
27.890711,0,-518,14211421
27.940675,0,-404,14211421
27.990672,0,-257,14211421
28.040629,0,-337,14211421
28.090629,0,-652,14211421
28.140576,0,-806,14211421
28.190527,0,-775,14211421
28.240474,0,-682,14211421
28.290421,0,-584,14211421
28.340371,0,-489,14211421
28.390319,0,-393,14211421
28.440265,0,-298,14211421
28.490213,0,-164,14211421
28.540161,0,-39,14211421
28.590112,0,-161,14211421
28.640053,0,-330,14211421
28.690007,0,-412,14211421
28.739954,0,-496,14211421
28.789902,0,-496,14211421
28.839853,0,-404,14211421
28.889797,0,-317,14211421
28.939751,0,-217,14211421
28.989696,0,-141,14211421
29.039641,0,-36,14211421
29.089593,0,-201,14211421
29.139537,0,-586,14211421
29.189488,0,-788,14211421
29.239436,0,-776,14211421
29.289386,0,-689,14211421
29.339327,0,-596,14211421
29.389280,0,-506,14211421
29.439228,0,-413,14211421
29.489172,0,-325,14211421
29.539126,0,-225,14211421
29.589068,0,-122,14211421
29.639022,0,-45,14211421
29.688968,0,-305,14211421
29.738918,0,-641,14211421
29.788861,2,-819,14211421
29.838811,0,-846,14211421
29.888761,0,-752,14211421
29.938708,0,-653,14211421
29.988656,0,-557,14211421
30.038606,0,-462,14211421
30.088554,0,-367,14211421
30.138502,0,-245,14211421
30.188450,0,-194,14211421
30.238396,0,-434,14211421
30.288345,0,-772,14211421
30.338293,0,-859,14211421
30.388240,0,-788,14211421
30.438191,0,-698,14211421
30.488134,0,-607,14211421
30.538087,0,-515,14211421
30.588034,0,-422,14211421
30.637979,0,-334,14211421
30.687929,0,-202,14211421
30.737881,0,-193,14211421
30.787827,0,-445,14211421
30.837774,0,-658,14211421
30.887720,0,-793,14211421
30.937670,0,-774,14211421
30.987620,0,-675,14211421
31.037565,0,-579,14211421
31.087515,0,-482,14211421
31.137465,0,-388,14211421
31.187409,0,-296,14211421
31.237359,0,-164,14211421
31.287309,0,-150,14211421
31.337254,0,-378,14211421
31.387206,0,-608,14211421
31.437151,0,-766,14211421
31.487098,0,-789,14211421
31.537047,0,-702,14211421
31.586996,0,-613,14211421
31.636943,0,-523,14211421
31.686891,0,-435,14211421
31.736838,0,-345,14211421
31.786788,0,-246,14211421
31.836735,0,-152,14211421
31.886682,0,-267,14211421
31.936630,0,-571,14211421
31.986584,0,-723,14211421
32.036528,0,-759,14211421
32.086477,0,-680,14211421
32.136424,0,-582,14211421
32.186374,0,-487,14211421
32.236324,0,-391,14211421
32.286266,0,-294,14211421
32.336216,0,-171,14211421
32.386166,0,-57,14211421
32.436113,0,-261,14211421
32.486063,0,-491,14211421
32.536009,0,-654,14211421
32.585956,0,-717,14211421
32.635906,0,-644,14211421
32.685852,0,-552,14211421
32.735801,0,-461,14211421
32.785747,0,-374,14211421
32.835695,0,-287,14211421
32.885647,0,-208,14211421
32.935591,0,-114,14211421
32.985542,0,-28,14211421
33.035490,0,-232,14211421
33.085444,0,-505,14211421
33.135389,0,-666,14211421
33.185335,0,-735,14211421
33.235283,0,-647,14211421
33.285229,0,-551,14211421
33.335177,0,-458,14211421
33.385126,0,-364,14211421
33.435137,0,-252,14211421
33.485085,0,-108,14211421
33.535035,0,-148,14211421
33.584986,0,-448,14211421
33.634933,0,-747,14211421
33.684877,0,-838,14211421
33.734825,0,-754,14211421
33.784780,0,-657,14211421
33.834720,0,-563,14211421
33.884673,0,-470,14211421
33.934618,0,-380,14211421
33.984566,0,-293,14211421
34.034513,0,-171,14211421
34.084464,0,-181,14211421
34.134410,0,-421,14211421
34.184357,0,-619,14211421
34.234309,0,-727,14211421
34.284255,0,-710,14211421
34.334205,0,-620,14211421
34.384151,0,-529,14211421
34.434101,0,-438,14211421
34.484049,0,-347,14211421
34.533999,0,-248,14211421
34.583943,0,-103,14211421
34.633892,0,-168,14211421
34.683838,0,-496,14211421
34.733789,-2,-642,14211421
34.783736,1,-738,14211421
34.833685,0,-694,14211421
34.883631,0,-597,14211421
34.933581,0,-501,14211421
34.983533,0,-404,14211421
35.033539,0,-313,14211421
35.083549,0,-206,14211421
35.133559,0,-98,14211421
35.183574,0,-187,14211421
35.233578,0,-378,14211421
35.283591,0,-477,14211421
35.333601,0,-602,14211421
35.383612,0,-644,14211421
35.433621,0,-563,14211421
35.483629,0,-475,14211421
35.533586,0,-388,14211421
35.583589,0,-301,14211421
35.633541,0,-143,14211421
35.683484,0,-72,14211421
35.733434,0,-271,14211421
35.783360,0,-443,14211421
35.833331,2,-493,14211421
35.883279,0,-520,14211421
35.933229,0,-478,14211421
35.983177,0,-391,14211421
36.033124,0,-297,14211421
36.083075,0,-208,14211421
36.133021,0,-101,14211421
36.182969,0,4,14211421
36.232917,0,-105,14211421
36.282861,0,-279,14211421
36.332815,0,-453,14211421
36.382757,0,-636,14211421
36.432709,0,-655,14211421
36.482653,0,-572,14211421
36.532606,0,-474,14211421
36.582550,0,-325,14211421
36.632504,0,-161,14211421
36.682446,0,-74,14211421
36.732399,0,-4,14211421
36.782344,0,-175,14211421
36.832294,0,-514,14211421
36.882243,0,-688,14211421
36.932190,0,-700,14211421
36.982136,0,-609,14211421
37.032084,0,-518,14211421
37.082036,0,-431,14211421
37.131980,0,-342,14211421
37.181931,0,-250,14211421
37.231877,0,-175,14211421
37.281824,0,-56,14211421
37.331775,3,-100,14211421
37.381726,0,-393,14211421
37.431669,0,-557,14211421
37.481617,0,-696,14211421
37.531565,0,-719,14211421
37.581513,0,-628,14211421
37.631460,0,-538,14211421
37.681409,0,-444,14211421
37.731358,0,-351,14211421
37.781311,0,-253,14211421
37.831250,0,-110,14211421
37.881202,0,-98,14211421
37.931153,0,-406,14211421
37.981099,-5,-730,14211421
38.031048,0,-870,14211421
38.080993,0,-807,14211421
38.130944,0,-709,14211421
38.180890,0,-612,14211421
38.230840,0,-518,14211421
38.280787,0,-428,14211421
38.330734,0,-338,14211421
38.380685,0,-174,14211421
38.430636,0,-206,14211421
38.480578,0,-654,14211421
38.530528,-1,-823,14211421
38.580477,1,-835,14211421
38.630428,0,-753,14211421
38.680434,0,-658,14211421
38.730386,0,-566,14211421
38.780332,0,-472,14211421
38.830275,0,-379,14211421
38.880225,0,-290,14211421
38.930178,0,-172,14211421
38.980125,0,-228,14211421
39.030069,0,-614,14211421
39.080017,0,-852,14211421
39.129966,0,-826,14211421
39.179915,0,-730,14211421
39.229861,0,-631,14211421
39.279811,0,-536,14211421
39.329759,0,-443,14211421
39.379707,0,-352,14211421
39.429656,0,-258,14211421
39.479605,0,-147,14211421
39.529552,0,-142,14211421
39.579500,0,-408,14211421
39.629447,0,-663,14211421
39.679398,0,-727,14211421
39.729347,0,-649,14211421
39.779290,0,-557,14211421
39.829242,0,-470,14211421
39.879190,0,-382,14211421
39.929195,0,-291,14211421
39.979147,0,-200,14211421
40.029095,0,-82,14211421
40.079047,0,-254,14211421
40.128991,0,-532,14211421
40.178942,0,-732,14211421
40.228949,0,-755,14211421
40.278959,0,-663,14211421
40.328971,0,-566,14211421
40.378983,0,-470,14211421
40.428989,0,-374,14211421
40.479001,0,-282,14211421
40.529013,0,-156,14211421
40.579023,0,-108,14211421
40.629036,0,-405,14211421
40.679048,0,-703,14211421
40.729052,0,-792,14211421
40.779065,0,-724,14211421
40.829073,0,-631,14211421
40.879084,0,-541,14211421
40.929094,0,-452,14211421
40.979105,0,-365,14211421
41.029114,0,-277,14211421
41.079128,0,-186,14211421
41.129137,0,-108,14211421
41.179096,0,-23,14211421
41.229112,0,24,14211421
41.279177,0,-4,14211421
41.329181,0,5,14211421
41.379194,0,-4,14211421
41.429202,0,-105,14211421
41.479214,0,-370,14211421
41.529220,0,-796,14211421
41.579233,0,-951,14211421
41.629244,4,-876,14211421
41.679254,0,-779,14211421
41.729265,0,-678,14211421
41.779271,0,-581,14211421
41.829287,0,-484,14211421
41.879300,0,-387,14211421
41.929308,0,-289,14211421
41.979317,0,-205,14211421
42.029331,0,-97,14211421
42.079338,0,15,14211421
42.129352,0,28,14211421
42.179365,0,3,14211421
42.229370,0,-10,14211421
42.279386,0,-133,14211421
42.329389,0,-488,14211421
42.379396,0,-798,14211421
42.429413,0,-895,14211421
42.479418,0,-812,14211421
42.529431,0,-716,14211421
42.579443,0,-627,14211421
42.629450,0,-535,14211421
42.679466,0,-447,14211421
42.729474,0,-359,14211421
42.779486,0,-273,14211421
42.829497,0,-189,14211421
42.879501,0,-102,14211421
42.929516,0,-9,14211421
42.979526,0,20,14211421
43.029535,0,-2,14211421
43.079549,0,0,14211421
43.129555,0,-17,14211421
43.179570,0,-146,14211421
43.229579,0,-398,14211421
43.279587,0,-614,14211421
43.329601,0,-786,14211421
43.379608,0,-754,14211421
43.429623,0,-657,14211421
43.479633,0,-561,14211421
43.529641,0,-465,14211421
43.579651,0,-370,14211421
43.629659,0,-277,14211421
43.679676,0,-177,14211421
43.729682,0,-66,14211421
43.779689,0,-30,14211421
43.829705,0,-14,14211421
43.879715,0,6,14211421
43.929728,0,-21,14211421
43.979791,0,-88,14211421
44.029688,0,-207,14211421
44.079638,0,-412,14211421
44.129648,0,-714,14211421
44.179651,0,-845,14211421
44.229665,0,-774,14211421
44.279677,0,-679,14211421
44.329686,0,-589,14211421
44.379708,0,-497,14211421
44.429769,0,-408,14211421
44.479778,0,-323,14211421
44.529792,0,-240,14211421
44.579801,0,-144,14211421
44.629814,0,-81,14211421
44.679824,0,-5,14211421
44.729834,0,20,14211421
44.779841,0,-31,14211421
44.829857,0,-143,14211421
44.879864,0,-313,14211421
44.929875,0,-524,14211421
44.979884,0,-713,14211421
45.029898,0,-666,14211421
45.079905,0,-574,14211421
45.129917,0,-479,14211421
45.179928,0,-384,14211421
45.229938,0,-289,14211421
45.279950,0,-192,14211421
45.329958,0,-112,14211421
45.379972,0,1,14211421
45.429981,0,29,14211421
45.479989,0,-3,14211421
45.530006,0,9,14211421
45.580011,0,-37,14211421
45.630020,0,-108,14211421
45.680034,0,-220,14211421
45.730043,0,-414,14211421
45.780053,0,-641,14211421
45.830062,0,-755,14211421
45.880074,0,-695,14211421
45.930086,0,-600,14211421
45.980095,0,-504,14211421
46.030103,0,-411,14211421
46.080117,0,-320,14211421
46.130130,0,-237,14211421
46.180138,0,-134,14211421
46.230144,0,-59,14211421
46.280156,0,-37,14211421
46.330171,0,7,14211421
46.380175,0,-59,14211421
46.430189,0,-209,14211421
46.480200,0,-389,14211421
46.530210,0,-660,14211421
46.580222,0,-794,14211421
46.630229,0,-724,14211421
46.680239,0,-635,14211421
46.730248,0,-540,14211421
46.780264,0,-448,14211421
46.830270,0,-355,14211421
46.880281,0,-270,14211421
46.930291,0,-180,14211421
46.980303,0,-103,14211421
47.030319,0,3,14211421
47.080324,0,21,14211421
47.130334,0,-7,14211421
47.180342,0,-50,14211421
47.230355,0,-147,14211421
47.280363,0,-331,14211421
47.330372,0,-569,14211421
47.380387,0,-716,14211421
47.430398,0,-704,14211421
47.480408,0,-609,14211421
47.530419,0,-512,14211421
47.580427,0,-418,14211421
47.630437,0,-324,14211421
47.680450,0,-225,14211421
47.730463,0,-141,14211421
47.780467,0,-39,14211421
47.830487,0,22,14211421
47.880493,0,-10,14211421
47.930503,0,-5,14211421
47.980512,0,-77,14211421
48.030526,0,-249,14211421
48.080534,0,-381,14211421
48.130543,0,-504,14211421
48.180550,0,-606,14211421
48.230568,0,-576,14211421
48.280575,0,-492,14211421
48.330588,0,-404,14211421
48.380597,0,-318,14211421
48.430607,0,-225,14211421
48.480618,0,-148,14211421
48.530625,0,-17,14211421
48.580639,0,0,14211421
48.630647,0,-142,14211421
48.680655,0,-354,14211421
48.730666,0,-619,14211421
48.780680,0,-721,14211421
48.830688,0,-661,14211421
48.880698,0,-567,14211421
48.930710,1,-472,14211421
48.980719,0,-379,14211421
49.030730,0,-283,14211421
49.080743,0,-194,14211421
49.130752,0,-76,14211421
49.180763,0,30,14211421
49.230771,0,-39,14211421
49.280785,0,-220,14211421
49.330792,0,-533,14211421
49.380808,0,-723,14211421
49.430815,0,-708,14211421
49.480825,0,-616,14211421
49.530836,0,-519,14211421
49.580848,0,-424,14211421
49.630855,0,-333,14211421
49.680869,0,-245,14211421
49.730878,0,-146,14211421
49.780884,0,-88,14211421
49.830902,0,0,14211421
49.880908,0,-84,14211421
49.930919,0,-298,14211421
49.980929,0,-458,14211421
50.030940,0,-698,14211421
50.081010,0,-752,14211421
50.131017,0,-667,14211421
50.181032,0,-576,14211421
50.231039,0,-485,14211421
50.281049,0,-395,14211421
50.331057,0,-301,14211421
50.381072,0,-207,14211421
50.431080,0,-40,14211421
50.481089,0,-26,14211421
50.531104,0,-253,14211421
50.581113,0,-450,14211421
50.631121,0,-589,14211421
50.681131,0,-635,14211421
50.731144,0,-547,14211421
50.781155,0,-450,14211421
50.831163,0,-355,14211421
50.881173,0,-265,14211421
50.931185,0,-158,14211421
50.981135,0,-85,14211421
51.031085,0,27,14211421
51.081088,0,-114,14211421
51.131100,0,-334,14211421
51.181109,0,-554,14211421
51.231123,0,-740,14211421
51.281135,0,-683,14211421
51.331141,0,-587,14211421
51.381155,0,-494,14211421
51.431163,0,-402,14211421
51.481114,0,-318,14211421
51.531063,0,-227,14211421
51.581069,0,-87,14211421
51.631081,0,-14,14211421
51.681092,0,-266,14211421
51.731109,0,-503,14211421
51.781118,0,-647,14211421
51.831126,0,-668,14211421
51.881134,0,-583,14211421
51.931141,0,-494,14211421
51.981096,0,-404,14211421
52.031044,0,-314,14211421
52.081050,0,-222,14211421
52.131064,0,-136,14211421
52.181071,0,-44,14211421
52.231081,0,-151,14211421
52.281096,0,-388,14211421
52.331102,0,-532,14211421
52.381112,0,-631,14211421
52.431122,0,-578,14211421
52.481074,0,-482,14211421
52.531026,0,-386,14211421
52.581033,0,-289,14211421
52.631042,0,-204,14211421
52.681051,0,-98,14211421
52.731062,0,17,14211421
52.781072,0,-75,14211421
52.831082,0,-315,14211421
52.881095,0,-487,14211421
52.931100,0,-601,14211421
52.981114,0,-604,14211421
53.031125,0,-518,14211421
53.081136,0,-428,14211421
53.131141,0,-335,14211421
53.181159,0,-253,14211421
53.231169,0,-163,14211421
53.281178,0,-64,14211421
53.331190,0,-4,14211421
53.381200,0,-140,14211421
53.431211,0,-393,14211421
53.481218,0,-611,14211421
53.531231,0,-674,14211421
53.581239,0,-605,14211421
53.631251,0,-517,14211421
53.681262,0,-427,14211421
53.731270,0,-338,14211421
53.781280,0,-243,14211421
53.831296,0,-131,14211421
53.881302,0,-25,14211421
53.931312,0,-195,14211421
53.981324,0,-494,14211421
54.031335,0,-638,14211421
54.081345,0,-658,14211421
54.131358,0,-568,14211421
54.181368,0,-468,14211421
54.231374,0,-369,14211421
54.281324,0,-276,14211421
54.331277,0,-187,14211421
54.381281,0,-83,14211421
54.431293,0,8,14211421
54.481243,0,-141,14211421
54.531192,0,-460,14211421
54.581199,0,-698,14211421
54.631208,0,-724,14211421
54.681220,0,-632,14211421
54.731228,0,-539,14211421
54.781243,0,-449,14211421
54.831252,0,-361,14211421
54.881258,0,-266,14211421
54.931271,0,-182,14211421
54.981278,0,-39,14211421
55.031293,0,-43,14211421
55.081300,0,-304,14211421
55.131315,0,-498,14211421
55.181322,0,-606,14211421
55.231334,0,-604,14211421
55.281352,0,-509,14211421
55.331355,0,-419,14211421
55.381367,0,-327,14211421
55.431325,0,-246,14211421
55.481338,0,-136,14211421
55.531400,0,-76,14211421
55.581410,0,-105,14211421
55.631422,0,-429,14211421
55.681432,0,-643,14211421
55.731441,0,-707,14211421
55.781452,0,-641,14211421
55.831462,0,-544,14211421
55.881472,0,-446,14211421
55.931479,0,-351,14211421
55.981493,0,-260,14211421
56.031503,0,-152,14211421
56.081512,0,-43,14211421
56.131522,0,-112,14211421
56.181533,0,-418,14211421
56.231545,0,-674,14211421
56.281558,0,-776,14211421
56.331564,0,-707,14211421
56.381574,0,-612,14211421
56.431584,0,-525,14211421
56.481598,0,-438,14211421
56.531605,0,-351,14211421
56.581615,0,-262,14211421
56.631628,0,-183,14211421
56.681636,0,-78,14211421
56.731650,0,15,14211421
56.781661,0,20,14211421
56.831673,0,7,14211421
56.881682,0,2,14211421
56.931693,0,2,14211421
56.981704,0,2,14211421
57.031711,0,1,14211421
57.081725,0,1,14211421
57.131734,0,1,14211421
57.181746,0,1,14211421
57.231756,0,1,14211421
57.281766,0,1,14211421
57.331778,0,1,14211421
57.381788,0,1,14211421
57.431799,0,1,14211421
57.481809,0,1,14211421
57.531819,0,1,14211421
57.581829,0,1,14211421
57.631842,0,1,14211421
57.681850,0,0,14211421
57.731861,0,0,14211421
57.781871,0,0,14211421
57.831881,0,0,14211421
57.881893,0,0,14211421
57.931902,0,0,14211421
57.981912,0,0,14211421
58.031923,0,0,14211421
58.081934,0,0,14211421
58.131943,0,0,14211421
58.181956,0,0,14211421
58.231965,0,0,14211421
58.281977,0,0,14211421
58.331987,0,0,14211421
58.381995,0,0,14211421
58.432005,0,0,14211421
58.481955,0,0,14211421
58.531904,0,0,14211421
58.581915,0,0,14211421
58.631923,0,0,14211421
58.681934,0,0,14211421
58.731951,0,0,14211421
58.782016,0,0,14211421
58.832029,0,0,14211421
58.882039,0,0,14211421
58.932048,0,0,14211421
58.982059,0,0,14211421
59.032069,0,0,14211421
59.082081,0,0,14211421
59.132091,0,0,14211421
59.182099,0,0,14211421
59.232111,0,0,14211421
59.282121,0,0,14211421
59.332133,0,0,14211421
59.382142,0,0,14211421
59.432153,0,0,14211421
59.482164,0,0,14211421
59.532172,0,0,14211421
59.582183,0,0,14211421
59.632195,0,0,14211421
59.682205,0,0,14211421
59.732216,0,0,14211421
59.782226,0,0,14211421
59.832238,0,0,14211421
59.882247,0,0,14211421
59.932257,0,0,14211421
59.982269,0,0,14211421
60.032277,0,0,14211421
60.082289,0,0,14211421
60.132299,0,0,14211421
60.182309,0,0,14211421
